{"lonMax":164,"uMax":0.8901907205581665,"dataset":"oscar_vel9472.nc","lonMin":147,"width":52,"time":9472,"uMin":-0.60445839166641235,"vMax":0.72206509113311768,"latMax":-13,"vMin":-0.6150825023651123,"height":37,"latMin":-1}