{"lonMax":193,"uMax":0.4144628643989563,"dataset":"oscar_vel9472.nc","lonMin":175,"width":55,"time":9472,"uMin":-0.34134137630462646,"vMax":0.35838428139686584,"latMax":-23,"vMin":-0.43484574556350708,"height":37,"latMin":-11}