{
	"lonMax": 260,
	"uMax": 2.8299601078033447,
	"dataset": "oscar_vel9472.nc",
	"lonMin": 104.66666412353516,
	"width": 467,
	"time": 9472,
	"uMin": -3.5211789608001709,
	"vMax": 2.7663810253143311,
	"latMax": -57,
	"vMin": -2.6193342208862305,
	"height": 288,
	"latMin": 38.666667938232422
}